SMA_period,total_return,num_trades,max_drawdown,sharpe
10,-2.0250912277929456,224,-4.304416365699351,-13.678272656203221
